model,idx,part_id,pred_file,gt_file,T_prec,T_sens,clDice,CC_pred,CC_gt,Holes_pred,Holes_gt,abs_dBeta0,abs_dBeta1,Betti_Error
PSPNet (R50),0,Part02/0141,0000.png,data/TP-Dataset/GroundTruth/Part02/0141.png,0.022080000000,0.013186813187,0.016512114866,25,1,8,0,24,8,32
PSPNet (R50),1,Part03/0545,0001.png,data/TP-Dataset/GroundTruth/Part03/0545.png,0.897179916928,0.830139765555,0.862358871321,78,1,16,0,77,16,93
PSPNet (R50),2,Part08/1179,0002.png,data/TP-Dataset/GroundTruth/Part08/1179.png,1.000000000000,0.310961968680,0.474402730375,2,1,0,0,1,0,1
PSPNet (R50),3,Part03/0686,0003.png,data/TP-Dataset/GroundTruth/Part03/0686.png,0.967086614173,0.855343461888,0.907789246213,13,1,1,0,12,1,13
PSPNet (R50),4,Part05/0741,0004.png,data/TP-Dataset/GroundTruth/Part05/0741.png,0.993927125506,0.976038338658,0.984901510177,1,1,0,0,0,0,0
PSPNet (R50),5,Part02/0495,0005.png,data/TP-Dataset/GroundTruth/Part02/0495.png,0.626249456758,0.820286659316,0.710254060129,10,3,1,1,7,0,7
PSPNet (R50),6,Part03/0656,0006.png,data/TP-Dataset/GroundTruth/Part03/0656.png,0.919882550336,0.638398735844,0.753717396810,8,4,0,0,4,0,4
PSPNet (R50),7,Part02/0158,0007.png,data/TP-Dataset/GroundTruth/Part02/0158.png,0.437679083095,0.664830119376,0.527854527490,14,1,0,0,13,0,13
PSPNet (R50),8,Part02/0077,0008.png,data/TP-Dataset/GroundTruth/Part02/0077.png,0.994552387870,0.271545369253,0.426611758668,66,2,33,0,64,33,97
PSPNet (R50),9,Part08/1284,0009.png,data/TP-Dataset/GroundTruth/Part08/1284.png,0.904708520179,0.598393574297,0.720339313046,3,2,0,0,1,0,1
PSPNet (R50),10,Part04/0705,0010.png,data/TP-Dataset/GroundTruth/Part04/0705.png,0.534111862323,0.567550235143,0.550323576986,45,1,29,0,44,29,73
PSPNet (R50),11,Part02/0189,0011.png,data/TP-Dataset/GroundTruth/Part02/0189.png,0.870650700407,0.919746783745,0.894525588371,34,2,21,0,32,21,53
PSPNet (R50),12,Part08/1023,0012.png,data/TP-Dataset/GroundTruth/Part08/1023.png,1.000000000000,0.475080906149,0.644142167617,3,1,0,0,2,0,2
PSPNet (R50),13,Part02/0122,0013.png,data/TP-Dataset/GroundTruth/Part02/0122.png,0.701925513048,0.834862385321,0.762644225351,50,1,7,0,49,7,56
PSPNet (R50),14,Part07/0841,0014.png,data/TP-Dataset/GroundTruth/Part07/0841.png,1.000000000000,0.871951219512,0.931596091205,1,1,0,0,0,0,0
PSPNet (R50),15,Part02/0383,0015.png,data/TP-Dataset/GroundTruth/Part02/0383.png,0.910030572136,0.990770650669,0.948685818660,11,1,15,0,10,15,25
PSPNet (R50),16,Part02/0067,0016.png,data/TP-Dataset/GroundTruth/Part02/0067.png,0.925432333809,0.456564141035,0.611462078612,88,1,45,0,87,45,132
PSPNet (R50),17,Part08/0986,0017.png,data/TP-Dataset/GroundTruth/Part08/0986.png,0.995412844037,0.964948453608,0.979943937588,1,1,0,0,0,0,0
PSPNet (R50),18,Part03/0660,0018.png,data/TP-Dataset/GroundTruth/Part03/0660.png,0.973813420622,0.780738946093,0.866653031429,3,1,0,0,2,0,2
PSPNet (R50),19,Part07/0852,0019.png,data/TP-Dataset/GroundTruth/Part07/0852.png,1.000000000000,0.520000000000,0.684210526315,1,2,0,0,1,0,1
PSPNet (R50),20,Part02/0466,0020.png,data/TP-Dataset/GroundTruth/Part02/0466.png,0.769702754295,0.476607674785,0.588691599525,35,1,8,0,34,8,42
PSPNet (R50),21,Part08/0997,0021.png,data/TP-Dataset/GroundTruth/Part08/0997.png,1.000000000000,0.355760368664,0.524813052345,1,2,0,0,1,0,1
PSPNet (R50),22,Part02/0084,0022.png,data/TP-Dataset/GroundTruth/Part02/0084.png,0.480667838313,0.754616331555,0.587265359165,90,1,59,0,89,59,148
PSPNet (R50),23,Part02/0475,0023.png,data/TP-Dataset/GroundTruth/Part02/0475.png,0.960121012101,0.470945781668,0.631927094540,6,1,6,0,5,6,11
PSPNet (R50),24,Part02/0348,0024.png,data/TP-Dataset/GroundTruth/Part02/0348.png,0.659946045719,1.000000000000,0.795141561885,35,1,4,0,34,4,38
PSPNet (R50),25,Part02/0214,0025.png,data/TP-Dataset/GroundTruth/Part02/0214.png,0.820145520691,0.968948322756,0.888358796382,13,3,0,0,10,0,10
PSPNet (R50),26,Part02/0219,0026.png,data/TP-Dataset/GroundTruth/Part02/0219.png,0.365051903114,0.977992161592,0.531654782150,48,3,3,0,45,3,48
PSPNet (R50),27,Part02/0273,0027.png,data/TP-Dataset/GroundTruth/Part02/0273.png,0.972267010642,0.782484407484,0.867112877504,4,1,11,0,3,11,14
PSPNet (R50),28,Part08/1072,0028.png,data/TP-Dataset/GroundTruth/Part08/1072.png,0.996563573883,0.958083832335,0.976944941572,1,1,0,0,0,0,0
PSPNet (R50),29,Part02/0356,0029.png,data/TP-Dataset/GroundTruth/Part02/0356.png,0.735396447537,1.000000000000,0.847525588266,17,1,3,0,16,3,19
PSPNet (R50),30,Part03/0574,0030.png,data/TP-Dataset/GroundTruth/Part03/0574.png,0.752645502646,0.665958952583,0.706653653540,43,2,20,0,41,20,61
PSPNet (R50),31,Part01/0016,0031.png,data/TP-Dataset/GroundTruth/Part01/0016.png,0.991928251121,0.903151421983,0.945460418598,1,1,0,0,0,0,0
PSPNet (R50),32,Part08/1264,0032.png,data/TP-Dataset/GroundTruth/Part08/1264.png,1.000000000000,0.866873065015,0.928689883913,1,3,0,0,2,0,2
PSPNet (R50),33,Part07/0840,0033.png,data/TP-Dataset/GroundTruth/Part07/0840.png,0.996428571429,0.957520091848,0.976586944341,1,1,0,0,0,0,0
PSPNet (R50),34,Part09/1227,0034.png,data/TP-Dataset/GroundTruth/Part09/1227.png,1.000000000000,1.000000000000,0.999999999999,1,1,0,0,0,0,0
PSPNet (R50),35,Part08/1164,0035.png,data/TP-Dataset/GroundTruth/Part08/1164.png,1.000000000000,0.902325581395,0.948655256723,1,1,0,0,0,0,0
PSPNet (R50),36,Part03/0637,0036.png,data/TP-Dataset/GroundTruth/Part03/0637.png,0.983118172790,0.711916698804,0.825821646311,5,1,2,0,4,2,6
PSPNet (R50),37,Part02/0436,0037.png,data/TP-Dataset/GroundTruth/Part02/0436.png,0.984759027873,0.999335327351,0.991993634668,7,1,8,0,6,8,14
PSPNet (R50),38,Part08/1091,0038.png,data/TP-Dataset/GroundTruth/Part08/1091.png,0.887990043559,0.992115637319,0.937169454844,1,1,0,0,0,0,0
PSPNet (R50),39,Part03/0636,0039.png,data/TP-Dataset/GroundTruth/Part03/0636.png,0.637065637066,0.973790322581,0.770234419171,9,2,0,0,7,0,7
PSPNet (R50),40,Part03/0595,0040.png,data/TP-Dataset/GroundTruth/Part03/0595.png,0.968117049735,0.732026991954,0.833679728775,80,1,44,0,79,44,123
PSPNet (R50),41,Part08/1215,0041.png,data/TP-Dataset/GroundTruth/Part08/1215.png,0.683428571429,0.980574142025,0.805470303197,33,1,3,0,32,3,35
PSPNet (R50),42,Part02/0188,0042.png,data/TP-Dataset/GroundTruth/Part02/0188.png,0.799561883899,0.761812548412,0.780230883484,25,2,14,0,23,14,37
PSPNet (R50),43,Part02/0146,0043.png,data/TP-Dataset/GroundTruth/Part02/0146.png,0.973663826491,0.970651395848,0.972155277510,2,2,0,0,0,0,0
PSPNet (R50),44,Part02/0469,0044.png,data/TP-Dataset/GroundTruth/Part02/0469.png,0.994567579313,0.615534929165,0.760437402287,6,1,5,0,5,5,10
PSPNet (R50),45,Part02/0104,0045.png,data/TP-Dataset/GroundTruth/Part02/0104.png,0.845352772715,0.057209250858,0.107166039727,48,1,6,0,47,6,53
PSPNet (R50),46,Part08/1214,0046.png,data/TP-Dataset/GroundTruth/Part08/1214.png,1.000000000000,0.844875346260,0.915915915915,1,1,0,0,0,0,0
PSPNet (R50),47,Part08/1274,0047.png,data/TP-Dataset/GroundTruth/Part08/1274.png,0.995633187773,0.957411957412,0.976148576514,1,2,0,0,1,0,1
PSPNet (R50),48,Part08/1085,0048.png,data/TP-Dataset/GroundTruth/Part08/1085.png,1.000000000000,0.907342657343,0.951420714940,1,1,0,0,0,0,0
PSPNet (R50),49,Part03/0607,0049.png,data/TP-Dataset/GroundTruth/Part03/0607.png,0.777465879392,0.995239469129,0.872976131896,14,1,22,0,13,22,35
PSPNet (R50),50,Part08/1036,0050.png,data/TP-Dataset/GroundTruth/Part08/1036.png,0.963855421687,0.821576763485,0.887047096376,1,2,0,0,1,0,1
PSPNet (R50),51,Part03/0658,0051.png,data/TP-Dataset/GroundTruth/Part03/0658.png,0.604821483064,0.659182305630,0.630832950449,17,3,0,0,14,0,14
PSPNet (R50),52,Part07/0781,0052.png,data/TP-Dataset/GroundTruth/Part07/0781.png,0.985443959243,0.616954474097,0.758830072443,2,3,0,0,1,0,1
PSPNet (R50),53,Part08/1117,0053.png,data/TP-Dataset/GroundTruth/Part08/1117.png,0.941877794337,0.875923190547,0.907703989139,2,2,0,0,0,0,0
PSPNet (R50),54,Part02/0422,0054.png,data/TP-Dataset/GroundTruth/Part02/0422.png,0.826337064677,0.890542635659,0.857239313128,28,1,3,0,27,3,30
PSPNet (R50),55,Part07/0881,0055.png,data/TP-Dataset/GroundTruth/Part07/0881.png,1.000000000000,0.669950738916,0.802359882005,5,1,0,0,4,0,4
PSPNet (R50),56,Part08/1285,0056.png,data/TP-Dataset/GroundTruth/Part08/1285.png,0.995391705069,0.488738738739,0.655584539103,2,2,0,0,0,0,0
PSPNet (R50),57,Part07/0763,0057.png,data/TP-Dataset/GroundTruth/Part07/0763.png,0.998888888889,0.884360189573,0.938142041053,2,1,0,0,1,0,1
PSPNet (R50),58,Part02/0292,0058.png,data/TP-Dataset/GroundTruth/Part02/0292.png,0.724290099770,0.376679670568,0.495609168439,29,1,13,0,28,13,41
PSPNet (R50),59,Part07/0754,0059.png,data/TP-Dataset/GroundTruth/Part07/0754.png,0.990566037736,0.851179673321,0.915598360122,1,1,0,0,0,0,0
PSPNet (R50),60,Part08/0925,0060.png,data/TP-Dataset/GroundTruth/Part08/0925.png,0.988183161004,0.996855345912,0.992500310049,1,1,0,0,0,0,0
PSPNet (R50),61,Part08/1255,0061.png,data/TP-Dataset/GroundTruth/Part08/1255.png,0.996913580247,0.890173410405,0.940524698652,1,1,0,0,0,0,0
PSPNet (R50),62,Part07/0748,0062.png,data/TP-Dataset/GroundTruth/Part07/0748.png,0.990049751244,0.972860125261,0.981379671617,1,1,0,0,0,0,0
PSPNet (R50),63,Part08/1193,0063.png,data/TP-Dataset/GroundTruth/Part08/1193.png,0.748221127531,0.407082264746,0.527285824940,178,1,90,0,177,90,267
PSPNet (R50),64,Part01/0005,0064.png,data/TP-Dataset/GroundTruth/Part01/0005.png,0.845157657658,0.702987697715,0.767544770781,8,4,0,0,4,0,4
PSPNet (R50),65,Part07/0772,0065.png,data/TP-Dataset/GroundTruth/Part07/0772.png,1.000000000000,0.007534659433,0.014956625785,6,2,0,0,4,0,4
PSPNet (R50),66,Part08/0901,0066.png,data/TP-Dataset/GroundTruth/Part08/0901.png,0.991735537190,0.987543252595,0.989634955080,1,1,0,0,0,0,0
PSPNet (R50),67,Part03/0597,0067.png,data/TP-Dataset/GroundTruth/Part03/0597.png,0.940385477364,0.951387691777,0.945854591115,15,1,16,0,14,16,30
PSPNet (R50),68,Part02/0242,0068.png,data/TP-Dataset/GroundTruth/Part02/0242.png,0.747383444339,0.909718387631,0.820599493415,18,3,13,0,15,13,28
PSPNet (R50),69,Part03/0633,0069.png,data/TP-Dataset/GroundTruth/Part03/0633.png,0.984398216939,0.977528089888,0.980951124764,1,1,0,0,0,0,0
PSPNet (R50),70,Part07/0768,0070.png,data/TP-Dataset/GroundTruth/Part07/0768.png,0.828244274809,0.730769230769,0.776459510357,2,1,1,0,1,1,2
PSPNet (R50),71,Part02/0197,0071.png,data/TP-Dataset/GroundTruth/Part02/0197.png,0.819398727233,0.962691538974,0.885284249301,14,2,0,0,12,0,12
PSPNet (R50),72,Part03/0697,0072.png,data/TP-Dataset/GroundTruth/Part03/0697.png,0.999638989170,0.807588075881,0.893409072330,1,1,0,0,0,0,0
PSPNet (R50),73,Part08/1221,0073.png,data/TP-Dataset/GroundTruth/Part08/1221.png,0.991304347826,0.914972273567,0.951610047302,1,1,0,0,0,0,0
PSPNet (R50),74,Part02/0039,0074.png,data/TP-Dataset/GroundTruth/Part02/0039.png,0.744959244959,0.635957324106,0.686156279974,101,3,25,0,98,25,123
PSPNet (R50),75,Part08/1119,0075.png,data/TP-Dataset/GroundTruth/Part08/1119.png,1.000000000000,0.632258064516,0.774703557312,1,3,0,0,2,0,2
PSPNet (R50),76,Part02/0467,0076.png,data/TP-Dataset/GroundTruth/Part02/0467.png,0.907549835191,0.731713244228,0.810200928141,28,1,7,0,27,7,34
PSPNet (R50),77,Part07/0888,0077.png,data/TP-Dataset/GroundTruth/Part07/0888.png,1.000000000000,0.901140684411,0.947999999999,1,1,0,0,0,0,0
PSPNet (R50),78,Part02/0498,0078.png,data/TP-Dataset/GroundTruth/Part02/0498.png,0.851378446115,0.856482607638,0.853922899656,12,2,0,0,10,0,10
PSPNet (R50),79,Part02/0255,0079.png,data/TP-Dataset/GroundTruth/Part02/0255.png,0.798165137615,0.875430935417,0.835014450976,14,5,0,0,9,0,9
PSPNet (R50),80,Part02/0434,0080.png,data/TP-Dataset/GroundTruth/Part02/0434.png,0.721068957289,0.677247265938,0.698471449826,22,1,0,0,21,0,21
PSPNet (R50),81,Part08/1123,0081.png,data/TP-Dataset/GroundTruth/Part08/1123.png,1.000000000000,0.966666666667,0.983050847457,1,1,0,0,0,0,0
PSPNet (R50),82,Part02/0360,0082.png,data/TP-Dataset/GroundTruth/Part02/0360.png,0.854854689564,1.000000000000,0.921748419834,12,1,6,0,11,6,17
PSPNet (R50),83,Part08/0983,0083.png,data/TP-Dataset/GroundTruth/Part08/0983.png,0.996430696014,0.819711538462,0.899473315795,3,1,0,0,2,0,2
PSPNet (R50),84,Part08/1110,0084.png,data/TP-Dataset/GroundTruth/Part08/1110.png,0.996175908222,0.997194163861,0.996684775968,1,1,0,0,0,0,0
PSPNet (R50),85,Part08/1160,0085.png,data/TP-Dataset/GroundTruth/Part08/1160.png,1.000000000000,0.725000000000,0.840579710144,1,1,0,0,0,0,0
PSPNet (R50),86,Part02/0398,0086.png,data/TP-Dataset/GroundTruth/Part02/0398.png,0.467674901870,1.000000000000,0.637300401164,58,1,9,0,57,9,66
PSPNet (R50),87,Part02/0347,0087.png,data/TP-Dataset/GroundTruth/Part02/0347.png,0.923181880202,0.990774907749,0.955784841069,15,1,6,0,14,6,20
PSPNet (R50),88,Part08/0979,0088.png,data/TP-Dataset/GroundTruth/Part08/0979.png,0.663810151615,0.990212071778,0.794805313014,4,2,0,0,2,0,2
PSPNet (R50),89,Part02/0198,0089.png,data/TP-Dataset/GroundTruth/Part02/0198.png,0.616808252427,0.960839160839,0.751313023020,13,2,0,0,11,0,11
PSPNet (R50),90,Part08/0927,0090.png,data/TP-Dataset/GroundTruth/Part08/0927.png,0.929140127389,0.910923276983,0.919941527673,3,4,0,0,1,0,1
PSPNet (R50),91,Part02/0471,0091.png,data/TP-Dataset/GroundTruth/Part02/0471.png,0.985910904797,0.436995827538,0.605575814535,42,1,28,0,41,28,69
PSPNet (R50),92,Part02/0382,0092.png,data/TP-Dataset/GroundTruth/Part02/0382.png,0.692058346840,0.908149084018,0.785513354893,49,1,15,0,48,15,63
PSPNet (R50),93,Part03/0564,0093.png,data/TP-Dataset/GroundTruth/Part03/0564.png,0.877321109471,0.688915787653,0.771786648962,84,1,47,0,83,47,130
PSPNet (R50),94,Part01/0002,0094.png,data/TP-Dataset/GroundTruth/Part01/0002.png,0.889117043121,0.733369683751,0.803768035734,4,4,0,0,0,0,0
PSPNet (R50),95,Part02/0102,0095.png,data/TP-Dataset/GroundTruth/Part02/0102.png,0.877331991783,0.724697019325,0.793743278049,97,1,43,0,96,43,139
PSPNet (R50),96,Part08/1142,0096.png,data/TP-Dataset/GroundTruth/Part08/1142.png,1.000000000000,0.967811158798,0.983642311886,1,1,0,0,0,0,0
PSPNet (R50),97,Part08/1126,0097.png,data/TP-Dataset/GroundTruth/Part08/1126.png,1.000000000000,0.724137931034,0.840000000000,5,1,0,0,4,0,4
PSPNet (R50),98,Part02/0439,0098.png,data/TP-Dataset/GroundTruth/Part02/0439.png,0.881994873985,0.904511278195,0.893111182244,40,1,13,0,39,13,52
PSPNet (R50),99,Part08/1108,0099.png,data/TP-Dataset/GroundTruth/Part08/1108.png,1.000000000000,0.850000000000,0.918918918918,1,1,0,0,0,0,0
PSPNet (R50),100,Part03/0672,0100.png,data/TP-Dataset/GroundTruth/Part03/0672.png,0.861279461279,0.938466827088,0.898217941592,7,1,0,0,6,0,6
PSPNet (R50),101,Part02/0484,0101.png,data/TP-Dataset/GroundTruth/Part02/0484.png,0.662750455373,0.993031898421,0.794950304151,41,1,7,0,40,7,47
PSPNet (R50),102,Part02/0404,0102.png,data/TP-Dataset/GroundTruth/Part02/0404.png,0.998036649215,0.561831055492,0.718943000558,35,1,19,0,34,19,53
PSPNet (R50),103,Part07/0753,0103.png,data/TP-Dataset/GroundTruth/Part07/0753.png,0.990384615385,0.548500881834,0.706000330596,1,3,0,1,2,1,3
PSPNet (R50),104,Part07/0886,0104.png,data/TP-Dataset/GroundTruth/Part07/0886.png,0.805555555556,0.458755426918,0.584591904867,3,1,0,0,2,0,2
PSPNet (R50),105,Part02/0206,0105.png,data/TP-Dataset/GroundTruth/Part02/0206.png,0.799172087522,0.942163442558,0.864796832281,19,1,19,0,18,19,37
PSPNet (R50),106,Part07/0762,0106.png,data/TP-Dataset/GroundTruth/Part07/0762.png,0.800231615518,0.985369173188,0.883202528056,5,1,0,0,4,0,4
PSPNet (R50),107,Part02/0140,0107.png,data/TP-Dataset/GroundTruth/Part02/0140.png,0.964836223507,0.866497461929,0.913026550534,3,1,0,0,2,0,2
PSPNet (R50),108,Part02/0216,0108.png,data/TP-Dataset/GroundTruth/Part02/0216.png,0.928668171558,0.995739241585,0.961034897824,4,1,0,0,3,0,3
PSPNet (R50),109,Part08/1028,0109.png,data/TP-Dataset/GroundTruth/Part08/1028.png,1.000000000000,0.891540130152,0.942660550458,1,1,0,0,0,0,0
PSPNet (R50),110,Part03/0615,0110.png,data/TP-Dataset/GroundTruth/Part03/0615.png,0.753941023739,0.895208057788,0.818524034131,39,1,66,0,38,66,104
PSPNet (R50),111,Part07/0889,0111.png,data/TP-Dataset/GroundTruth/Part07/0889.png,0.996865203762,0.998949579832,0.997906303363,1,1,0,0,0,0,0
PSPNet (R50),112,Part05/0743,0112.png,data/TP-Dataset/GroundTruth/Part05/0743.png,1.000000000000,0.931818181818,0.964705882352,1,1,0,0,0,0,0
PSPNet (R50),113,Part02/0518,0113.png,data/TP-Dataset/GroundTruth/Part02/0518.png,0.986787204451,0.941249226964,0.963480438681,2,2,0,0,0,0,0
PSPNet (R50),114,Part03/0687,0114.png,data/TP-Dataset/GroundTruth/Part03/0687.png,0.891386310905,0.708100392530,0.789241942795,17,1,2,0,16,2,18
PSPNet (R50),115,Part02/0399,0115.png,data/TP-Dataset/GroundTruth/Part02/0399.png,0.336579555805,0.990208078335,0.502392073282,74,1,35,0,73,35,108
PSPNet (R50),116,Part07/0853,0116.png,data/TP-Dataset/GroundTruth/Part07/0853.png,0.994949494949,0.516746411483,0.680211646978,2,1,0,0,1,0,1
PSPNet (R50),117,Part04/0708,0117.png,data/TP-Dataset/GroundTruth/Part04/0708.png,0.997306397306,0.980343980344,0.988752445029,1,1,0,0,0,0,0
PSPNet (R50),118,Part01/0007,0118.png,data/TP-Dataset/GroundTruth/Part01/0007.png,0.907475490196,0.749137506161,0.820739577828,4,4,0,0,0,0,0
PSPNet (R50),119,Part02/0513,0119.png,data/TP-Dataset/GroundTruth/Part02/0513.png,0.953488372093,0.994462025316,0.973544273907,3,1,0,0,2,0,2
PSPNet (R50),120,Part02/0445,0120.png,data/TP-Dataset/GroundTruth/Part02/0445.png,0.626977279264,0.697044890593,0.660157086457,40,1,23,0,39,23,62
PSPNet (R50),121,Part02/0502,0121.png,data/TP-Dataset/GroundTruth/Part02/0502.png,0.928157589803,0.968731208659,0.948010473281,2,1,0,0,1,0,1
PSPNet (R50),122,Part03/0608,0122.png,data/TP-Dataset/GroundTruth/Part03/0608.png,0.955584052227,0.968886535152,0.962189318434,6,2,15,0,4,15,19
PSPNet (R50),123,Part02/0061,0123.png,data/TP-Dataset/GroundTruth/Part02/0061.png,0.530125603865,0.586307782329,0.556803067700,83,1,70,0,82,70,152
PSPNet (R50),124,Part02/0159,0124.png,data/TP-Dataset/GroundTruth/Part02/0159.png,0.809815950920,0.856901408451,0.832693587821,9,2,0,0,7,0,7
PSPNet (R50),125,Part02/0055,0125.png,data/TP-Dataset/GroundTruth/Part02/0055.png,0.775287439965,0.986432423030,0.868206897150,20,1,0,0,19,0,19
PSPNet (R50),126,Part02/0223,0126.png,data/TP-Dataset/GroundTruth/Part02/0223.png,0.867933867934,0.886319845857,0.877030507039,25,1,16,0,24,16,40
PSPNet (R50),127,Part08/1283,0127.png,data/TP-Dataset/GroundTruth/Part08/1283.png,0.984496124031,0.867172675522,0.922117538647,2,1,0,0,1,0,1
PSPNet (R50),128,Part08/0921,0128.png,data/TP-Dataset/GroundTruth/Part08/0921.png,0.989304812834,0.996461429582,0.992870225137,1,1,0,0,0,0,0
PSPNet (R50),129,Part08/1185,0129.png,data/TP-Dataset/GroundTruth/Part08/1185.png,0.912973857347,0.481269581801,0.630286697693,81,1,44,0,80,44,124
PSPNet (R50),130,Part08/1210,0130.png,data/TP-Dataset/GroundTruth/Part08/1210.png,0.276744186047,0.766375545852,0.406645508002,3,1,0,0,2,0,2
PSPNet (R50),131,Part08/0988,0131.png,data/TP-Dataset/GroundTruth/Part08/0988.png,0.991019884541,0.980880648899,0.985924199457,1,1,0,0,0,0,0
PSPNet (R50),132,Part08/0931,0132.png,data/TP-Dataset/GroundTruth/Part08/0931.png,0.926984126984,0.997715156131,0.961049989573,2,1,0,0,1,0,1
PSPNet (R50),133,Part08/1180,0133.png,data/TP-Dataset/GroundTruth/Part08/1180.png,0.835951134380,0.716859716860,0.771838621583,3,2,0,0,1,0,1
PSPNet (R50),134,Part02/0186,0134.png,data/TP-Dataset/GroundTruth/Part02/0186.png,0.630278972323,0.954922389964,0.759357791273,38,3,16,0,35,16,51
PSPNet (R50),135,Part03/0696,0135.png,data/TP-Dataset/GroundTruth/Part03/0696.png,0.802994011976,0.842008573178,0.822038637989,5,1,0,0,4,0,4
PSPNet (R50),136,Part02/0313,0136.png,data/TP-Dataset/GroundTruth/Part02/0313.png,0.971413446268,0.997240110396,0.984157368996,5,1,0,0,4,0,4
PSPNet (R50),137,Part03/0699,0137.png,data/TP-Dataset/GroundTruth/Part03/0699.png,0.806471494607,1.000000000000,0.892869327874,9,1,0,0,8,0,8
PSPNet (R50),138,Part08/1078,0138.png,data/TP-Dataset/GroundTruth/Part08/1078.png,0.925742574257,0.653721682848,0.766307931065,1,4,0,0,3,0,3
PSPNet (R50),139,Part03/0680,0139.png,data/TP-Dataset/GroundTruth/Part03/0680.png,0.897091722595,0.897702991453,0.897397252931,4,2,0,0,2,0,2
PSPNet (R50),140,Part08/1134,0140.png,data/TP-Dataset/GroundTruth/Part08/1134.png,0.990723562152,0.959044368601,0.974626608773,1,1,0,0,0,0,0
PSPNet (R50),141,Part02/0485,0141.png,data/TP-Dataset/GroundTruth/Part02/0485.png,0.922097759674,0.996557659208,0.957882875578,10,1,1,0,9,1,10
PSPNet (R50),142,Part08/1157,0142.png,data/TP-Dataset/GroundTruth/Part08/1157.png,1.000000000000,0.885072655218,0.939032936229,1,1,0,0,0,0,0
PSPNet (R50),143,Part02/0109,0143.png,data/TP-Dataset/GroundTruth/Part02/0109.png,0.773274917853,0.524508903984,0.625049523374,69,1,20,0,68,20,88
PSPNet (R50),144,Part09/1228,0144.png,data/TP-Dataset/GroundTruth/Part09/1228.png,0.995971802618,0.938461538462,0.966361786990,1,1,0,0,0,0,0
PSPNet (R50),145,Part02/0480,0145.png,data/TP-Dataset/GroundTruth/Part02/0480.png,0.979618548990,0.759286412512,0.855493624045,11,1,7,0,10,7,17
PSPNet (R50),146,Part05/0726,0146.png,data/TP-Dataset/GroundTruth/Part05/0726.png,0.899641577061,0.885981308411,0.892759191238,3,1,0,0,2,0,2
PSPNet (R50),147,Part08/1277,0147.png,data/TP-Dataset/GroundTruth/Part08/1277.png,0.437500000000,0.754504504505,0.553849787435,6,1,0,0,5,0,5
PSPNet (R50),148,Part07/0868,0148.png,data/TP-Dataset/GroundTruth/Part07/0868.png,1.000000000000,0.753571428571,0.859470468431,1,1,0,0,0,0,0
PSPNet (R50),149,Part02/0181,0149.png,data/TP-Dataset/GroundTruth/Part02/0181.png,0.796101949025,0.722067298754,0.757279446552,51,2,20,0,49,20,69
PSPNet (R50),150,Part02/0032,0150.png,data/TP-Dataset/GroundTruth/Part02/0032.png,0.637414754042,0.650717703349,0.643997536823,84,2,39,0,82,39,121
PSPNet (R50),151,Part02/0359,0151.png,data/TP-Dataset/GroundTruth/Part02/0359.png,0.878200526442,0.957571186121,0.916170037921,9,1,16,0,8,16,24
PSPNet (R50),152,Part02/0363,0152.png,data/TP-Dataset/GroundTruth/Part02/0363.png,0.819500746746,1.000000000000,0.900797373358,10,1,1,0,9,1,10
PSPNet (R50),153,Part02/0042,0153.png,data/TP-Dataset/GroundTruth/Part02/0042.png,0.565067951960,0.906662269129,0.696222424727,55,1,48,0,54,48,102
PSPNet (R50),154,Part08/1105,0154.png,data/TP-Dataset/GroundTruth/Part08/1105.png,1.000000000000,0.534298780488,0.696472925981,1,1,0,0,0,0,0
PSPNet (R50),155,Part03/0587,0155.png,data/TP-Dataset/GroundTruth/Part03/0587.png,0.684970639581,0.997870528109,0.812330987595,28,1,5,0,27,5,32
PSPNet (R50),156,Part04/0711,0156.png,data/TP-Dataset/GroundTruth/Part04/0711.png,0.937781109445,0.739959839357,0.827207990116,4,1,0,0,3,0,3
PSPNet (R50),157,Part03/0542,0157.png,data/TP-Dataset/GroundTruth/Part03/0542.png,0.884161601716,0.956658786446,0.918982612708,6,1,1,0,5,1,6
PSPNet (R50),158,Part08/1276,0158.png,data/TP-Dataset/GroundTruth/Part08/1276.png,1.000000000000,0.998327759197,0.999163179916,1,1,0,0,0,0,0
PSPNet (R50),159,Part03/0555,0159.png,data/TP-Dataset/GroundTruth/Part03/0555.png,0.733333333333,0.644106034969,0.685829716375,14,2,5,0,12,5,17
PSPNet (R50),160,Part03/0550,0160.png,data/TP-Dataset/GroundTruth/Part03/0550.png,0.662133046054,0.993264049269,0.794580288121,29,1,5,0,28,5,33
PSPNet (R50),161,Part03/0649,0161.png,data/TP-Dataset/GroundTruth/Part03/0649.png,0.758296460177,0.964513839603,0.849063220083,7,1,0,0,6,0,6
PSPNet (R50),162,Part07/0858,0162.png,data/TP-Dataset/GroundTruth/Part07/0858.png,1.000000000000,0.008298755187,0.016460905350,1,1,0,0,0,0,0
PSPNet (R50),163,Part03/0579,0163.png,data/TP-Dataset/GroundTruth/Part03/0579.png,0.970003714710,0.460838558957,0.624827938476,35,2,45,0,33,45,78
PSPNet (R50),164,Part07/0834,0164.png,data/TP-Dataset/GroundTruth/Part07/0834.png,1.000000000000,0.481989708405,0.650462962963,1,2,0,0,1,0,1
PSPNet (R50),165,Part02/0387,0165.png,data/TP-Dataset/GroundTruth/Part02/0387.png,0.894425931536,0.995254365983,0.942150177020,5,1,5,0,4,5,9
PSPNet (R50),166,Part03/0554,0166.png,data/TP-Dataset/GroundTruth/Part03/0554.png,1.000000000000,0.071770334928,0.133928571428,1,1,0,0,0,0,0
PSPNet (R50),167,Part08/0940,0167.png,data/TP-Dataset/GroundTruth/Part08/0940.png,1.000000000000,0.281795511222,0.439688715953,2,1,0,0,1,0,1
PSPNet (R50),168,Part08/1169,0168.png,data/TP-Dataset/GroundTruth/Part08/1169.png,0.000000000000,0.000000000000,0.000000000000,0,1,0,0,1,0,1
PSPNet (R50),169,Part08/0905,0169.png,data/TP-Dataset/GroundTruth/Part08/0905.png,1.000000000000,0.300639658849,0.462295081967,1,5,0,0,4,0,4
PSPNet (R50),170,Part02/0167,0170.png,data/TP-Dataset/GroundTruth/Part02/0167.png,0.512395309883,0.956262833676,0.667254790557,70,2,24,0,68,24,92
PSPNet (R50),171,Part08/1003,0171.png,data/TP-Dataset/GroundTruth/Part08/1003.png,0.998697916667,0.997382198953,0.998039624181,1,1,0,0,0,0,0
PSPNet (R50),172,Part02/0204,0172.png,data/TP-Dataset/GroundTruth/Part02/0204.png,0.811265709156,0.978801169591,0.887193472376,18,1,0,0,17,0,17
PSPNet (R50),173,Part09/1249,0173.png,data/TP-Dataset/GroundTruth/Part09/1249.png,0.764533463605,1.000000000000,0.866555924695,6,1,0,0,5,0,5
PSPNet (R50),174,Part02/0266,0174.png,data/TP-Dataset/GroundTruth/Part02/0266.png,0.973908505827,0.852372583480,0.909096539459,10,1,4,0,9,4,13
PSPNet (R50),175,Part02/0199,0175.png,data/TP-Dataset/GroundTruth/Part02/0199.png,0.629407236336,0.994830928279,0.771012279886,17,1,9,0,16,9,25
PSPNet (R50),176,Part08/1127,0176.png,data/TP-Dataset/GroundTruth/Part08/1127.png,0.994827586207,0.745547073791,0.852334629859,1,1,0,0,0,0,0
PSPNet (R50),177,Part08/0904,0177.png,data/TP-Dataset/GroundTruth/Part08/0904.png,1.000000000000,0.969902912621,0.984721537703,1,1,0,0,0,0,0
PSPNet (R50),178,Part08/1213,0178.png,data/TP-Dataset/GroundTruth/Part08/1213.png,1.000000000000,0.923312883436,0.960127591706,1,1,0,0,0,0,0
PSPNet (R50),179,Part03/0585,0179.png,data/TP-Dataset/GroundTruth/Part03/0585.png,0.956482045040,0.885131690739,0.919424690682,63,1,25,0,62,25,87
PSPNet (R50),180,Part02/0027,0180.png,data/TP-Dataset/GroundTruth/Part02/0027.png,0.838433999307,0.627726699117,0.717939591994,36,1,11,0,35,11,46
PSPNet (R50),181,Part04/0706,0181.png,data/TP-Dataset/GroundTruth/Part04/0706.png,0.763653358259,0.792292292292,0.777709259339,28,2,8,0,26,8,34
PSPNet (R50),182,Part02/0320,0182.png,data/TP-Dataset/GroundTruth/Part02/0320.png,0.905910165485,0.995900651073,0.948776309152,12,1,0,0,11,0,11
PSPNet (R50),183,Part08/0935,0183.png,data/TP-Dataset/GroundTruth/Part08/0935.png,0.523076923077,0.904166666667,0.662744217381,3,1,1,0,2,1,3
PSPNet (R50),184,Part08/1209,0184.png,data/TP-Dataset/GroundTruth/Part08/1209.png,0.860759493671,0.906779661017,0.883170480063,4,1,0,0,3,0,3
PSPNet (R50),185,Part02/0478,0185.png,data/TP-Dataset/GroundTruth/Part02/0478.png,0.768624211475,0.544375405731,0.637349945107,62,1,25,0,61,25,86
PSPNet (R50),186,Part02/0288,0186.png,data/TP-Dataset/GroundTruth/Part02/0288.png,0.994231195917,0.989435828276,0.991827715874,2,1,0,0,1,0,1
PSPNet (R50),187,Part08/0964,0187.png,data/TP-Dataset/GroundTruth/Part08/0964.png,0.970760233918,0.936915887850,0.953537842270,2,2,0,0,0,0,0
PSPNet (R50),188,Part02/0082,0188.png,data/TP-Dataset/GroundTruth/Part02/0082.png,0.421070384529,0.195533673290,0.267054483202,34,1,16,0,33,16,49
PSPNet (R50),189,Part07/0759,0189.png,data/TP-Dataset/GroundTruth/Part07/0759.png,0.926991150442,0.786069651741,0.850734089375,2,2,0,0,0,0,0
PSPNet (R50),190,Part08/1252,0190.png,data/TP-Dataset/GroundTruth/Part08/1252.png,0.743093922652,0.698828778583,0.720281909556,2,1,0,0,1,0,1
PSPNet (R50),191,Part02/0134,0191.png,data/TP-Dataset/GroundTruth/Part02/0134.png,0.488355597588,0.991569833675,0.654409564759,42,3,5,0,39,5,44
PSPNet (R50),192,Part07/0836,0192.png,data/TP-Dataset/GroundTruth/Part07/0836.png,1.000000000000,0.719806763285,0.837078651685,1,3,0,0,2,0,2
PSPNet (R50),193,Part02/0317,0193.png,data/TP-Dataset/GroundTruth/Part02/0317.png,0.871666666667,0.829487680876,0.850054273881,25,1,3,0,24,3,27
PSPNet (R50),194,Part03/0549,0194.png,data/TP-Dataset/GroundTruth/Part03/0549.png,0.999003984064,0.943957968476,0.970701222495,1,1,0,0,0,0,0
PSPNet (R50),195,Part08/0977,0195.png,data/TP-Dataset/GroundTruth/Part08/0977.png,0.942408376963,0.921694480103,0.931936342200,2,2,0,0,0,0,0
PSPNet (R50),196,Part08/0995,0196.png,data/TP-Dataset/GroundTruth/Part08/0995.png,0.996428571429,0.898601398601,0.944989917893,1,1,0,0,0,0,0
PSPNet (R50),197,Part02/0517,0197.png,data/TP-Dataset/GroundTruth/Part02/0517.png,0.407248552434,0.929990966576,0.566446727801,31,2,5,4,29,1,30
PSPNet (R50),198,Part02/0527,0198.png,data/TP-Dataset/GroundTruth/Part02/0527.png,0.997879109226,0.905511811024,0.949454271074,1,1,0,0,0,0,0
PSPNet (R50),199,Part08/0906,0199.png,data/TP-Dataset/GroundTruth/Part08/0906.png,0.984382177308,0.939603106126,0.961471544899,3,1,0,0,2,0,2
PSPNet (R50),200,Part07/0844,0200.png,data/TP-Dataset/GroundTruth/Part07/0844.png,0.997607655502,0.967816091954,0.982486085966,1,1,0,0,0,0,0
PSPNet (R50),201,Part07/0773,0201.png,data/TP-Dataset/GroundTruth/Part07/0773.png,0.989276139410,0.869767441860,0.925680479723,1,1,0,0,0,0,0
PSPNet (R50),202,Part03/0610,0202.png,data/TP-Dataset/GroundTruth/Part03/0610.png,0.754488566583,0.991422217516,0.856878523902,51,1,41,0,50,41,91
PSPNet (R50),203,Part03/0688,0203.png,data/TP-Dataset/GroundTruth/Part03/0688.png,0.850625756964,0.985839514498,0.913254931956,20,1,0,0,19,0,19
PSPNet (R50),204,Part05/0746,0204.png,data/TP-Dataset/GroundTruth/Part05/0746.png,0.972000000000,0.926456542502,0.948681983655,2,1,0,0,1,0,1
PSPNet (R50),205,Part02/0271,0205.png,data/TP-Dataset/GroundTruth/Part02/0271.png,0.971576227390,0.984371511498,0.977932017790,5,1,18,0,4,18,22
PSPNet (R50),206,Part02/0451,0206.png,data/TP-Dataset/GroundTruth/Part02/0451.png,0.312741984600,0.522305831766,0.391227805625,115,1,45,0,114,45,159
PSPNet (R50),207,Part02/0524,0207.png,data/TP-Dataset/GroundTruth/Part02/0524.png,0.880812049771,0.779646017699,0.827147183537,2,1,1,0,1,1,2
PSPNet (R50),208,Part02/0272,0208.png,data/TP-Dataset/GroundTruth/Part02/0272.png,0.990239787926,0.746807932627,0.851466450893,33,1,8,0,32,8,40
PSPNet (R50),209,Part02/0076,0209.png,data/TP-Dataset/GroundTruth/Part02/0076.png,0.989230628822,0.744588744589,0.849650203843,32,1,27,0,31,27,58
PSPNet (R50),210,Part02/0508,0210.png,data/TP-Dataset/GroundTruth/Part02/0508.png,0.614735907679,0.790593505039,0.691661629688,12,5,0,0,7,0,7
PSPNet (R50),211,Part04/0722,0211.png,data/TP-Dataset/GroundTruth/Part04/0722.png,1.000000000000,0.620494127177,0.765808547863,2,1,1,0,1,1,2
PSPNet (R50),212,Part03/0644,0212.png,data/TP-Dataset/GroundTruth/Part03/0644.png,0.757729346173,0.952080706179,0.843859222847,7,1,0,0,6,0,6
PSPNet (R50),213,Part02/0374,0213.png,data/TP-Dataset/GroundTruth/Part02/0374.png,0.764222873900,1.000000000000,0.866356382978,29,1,0,0,28,0,28
PSPNet (R50),214,Part02/0450,0214.png,data/TP-Dataset/GroundTruth/Part02/0450.png,0.547206795165,0.302837573386,0.389896772730,37,1,18,0,36,18,54
PSPNet (R50),215,Part09/1236,0215.png,data/TP-Dataset/GroundTruth/Part09/1236.png,1.000000000000,0.921465968586,0.959128065395,1,1,0,0,0,0,0
PSPNet (R50),216,Part02/0259,0216.png,data/TP-Dataset/GroundTruth/Part02/0259.png,0.950090561481,0.992171310154,0.970675078285,3,2,1,0,1,1,2
PSPNet (R50),217,Part02/0139,0217.png,data/TP-Dataset/GroundTruth/Part02/0139.png,0.885141294439,0.989741084514,0.934523375482,4,1,0,0,3,0,3
PSPNet (R50),218,Part02/0432,0218.png,data/TP-Dataset/GroundTruth/Part02/0432.png,0.944204269116,0.992274263641,0.967642635862,7,1,9,0,6,9,15
PSPNet (R50),219,Part03/0560,0219.png,data/TP-Dataset/GroundTruth/Part03/0560.png,0.570549712244,0.967095423273,0.717689670673,10,1,3,0,9,3,12
PSPNet (R50),220,Part03/0621,0220.png,data/TP-Dataset/GroundTruth/Part03/0621.png,0.599251162510,0.986389111289,0.745559798643,40,1,16,0,39,16,55
PSPNet (R50),221,Part02/0064,0221.png,data/TP-Dataset/GroundTruth/Part02/0064.png,0.975222258808,0.602950928382,0.745179516544,63,1,21,0,62,21,83
PSPNet (R50),222,Part02/0514,0222.png,data/TP-Dataset/GroundTruth/Part02/0514.png,0.737146158290,0.944747612551,0.828134434194,12,2,0,0,10,0,10
PSPNet (R50),223,Part02/0201,0223.png,data/TP-Dataset/GroundTruth/Part02/0201.png,0.637501908688,0.997585601405,0.777894419778,15,1,1,0,14,1,15
PSPNet (R50),224,Part02/0456,0224.png,data/TP-Dataset/GroundTruth/Part02/0456.png,0.977855187858,0.868533938935,0.919958209993,33,1,13,0,32,13,45
PSPNet (R50),225,Part08/1032,0225.png,data/TP-Dataset/GroundTruth/Part08/1032.png,0.983333333333,0.636956521739,0.773121645796,1,2,0,0,1,0,1
PSPNet (R50),226,Part07/0804,0226.png,data/TP-Dataset/GroundTruth/Part07/0804.png,0.982206405694,0.506616257089,0.668449971081,2,1,0,0,1,0,1
PSPNet (R50),227,Part02/0418,0227.png,data/TP-Dataset/GroundTruth/Part02/0418.png,0.722613348353,0.994585987261,0.837061947991,51,1,8,0,50,8,58
PSPNet (R50),228,Part03/0611,0228.png,data/TP-Dataset/GroundTruth/Part03/0611.png,0.828787612177,0.989459815547,0.902024691874,8,1,6,0,7,6,13
PSPNet (R50),229,Part02/0437,0229.png,data/TP-Dataset/GroundTruth/Part02/0437.png,1.000000000000,1.000000000000,0.999999999999,1,1,0,0,0,0,0
PSPNet (R50),230,Part02/0350,0230.png,data/TP-Dataset/GroundTruth/Part02/0350.png,0.935872522347,0.871772656385,0.902686085127,16,1,13,0,15,13,28
PSPNet (R50),231,Part03/0605,0231.png,data/TP-Dataset/GroundTruth/Part03/0605.png,0.928163782951,0.920394608322,0.924262869380,14,1,10,0,13,10,23
PSPNet (R50),232,Part02/0499,0232.png,data/TP-Dataset/GroundTruth/Part02/0499.png,0.985497237569,0.988165680473,0.986829655119,3,1,2,0,2,2,4
PSPNet (R50),233,Part02/0251,0233.png,data/TP-Dataset/GroundTruth/Part02/0251.png,0.701645535473,0.977592100266,0.816945878376,24,2,4,0,22,4,26
PSPNet (R50),234,Part08/1011,0234.png,data/TP-Dataset/GroundTruth/Part08/1011.png,0.981623277182,0.980480480480,0.981051546029,1,2,0,0,1,0,1
PSPNet (R50),235,Part02/0505,0235.png,data/TP-Dataset/GroundTruth/Part02/0505.png,0.954160982265,0.978545264260,0.966199299262,1,1,1,0,0,1,1
PSPNet (R50),236,Part08/1121,0236.png,data/TP-Dataset/GroundTruth/Part08/1121.png,0.993421052632,0.922056384743,0.956409307094,1,1,0,0,0,0,0
PSPNet (R50),237,Part08/1004,0237.png,data/TP-Dataset/GroundTruth/Part08/1004.png,0.706164931946,0.998919502971,0.827409960925,8,1,0,0,7,0,7
PSPNet (R50),238,Part02/0130,0238.png,data/TP-Dataset/GroundTruth/Part02/0130.png,0.436613665664,0.994701348748,0.606854812175,55,2,8,0,53,8,61
PSPNet (R50),239,Part08/1172,0239.png,data/TP-Dataset/GroundTruth/Part08/1172.png,0.999195494771,0.925000000000,0.960667286847,1,1,0,0,0,0,0
PSPNet (R50),240,Part08/0957,0240.png,data/TP-Dataset/GroundTruth/Part08/0957.png,1.000000000000,0.401843317972,0.573307034845,2,1,0,0,1,0,1
PSPNet (R50),241,Part02/0224,0241.png,data/TP-Dataset/GroundTruth/Part02/0224.png,0.712015888779,0.974742439349,0.822918248227,58,1,14,0,57,14,71
PSPNet (R50),242,Part02/0366,0242.png,data/TP-Dataset/GroundTruth/Part02/0366.png,0.982808022923,0.979250000000,0.981025785377,6,2,26,0,4,26,30
PSPNet (R50),243,Part07/0839,0243.png,data/TP-Dataset/GroundTruth/Part07/0839.png,1.000000000000,0.989596879064,0.994771241830,1,1,0,0,0,0,0
PSPNet (R50),244,Part08/1020,0244.png,data/TP-Dataset/GroundTruth/Part08/1020.png,1.000000000000,0.991954022989,0.995960761684,1,1,0,0,0,0,0
PSPNet (R50),245,Part07/0860,0245.png,data/TP-Dataset/GroundTruth/Part07/0860.png,1.000000000000,0.000000000000,0.000000000000,1,2,0,0,1,0,1
PSPNet (R50),246,Part02/0123,0246.png,data/TP-Dataset/GroundTruth/Part02/0123.png,0.998941238751,0.970145089286,0.984332604884,1,1,2,0,0,2,2
PSPNet (R50),247,Part02/0504,0247.png,data/TP-Dataset/GroundTruth/Part02/0504.png,0.969968051118,0.807672634271,0.881411701976,3,3,0,0,0,0,0
PSPNet (R50),248,Part08/1116,0248.png,data/TP-Dataset/GroundTruth/Part08/1116.png,1.000000000000,0.852248394004,0.920231213872,1,1,0,0,0,0,0
PSPNet (R50),249,Part04/0721,0249.png,data/TP-Dataset/GroundTruth/Part04/0721.png,0.677899686520,0.789764419171,0.729568911721,14,4,1,0,10,1,11
PSPNet (R50),250,Part02/0519,0250.png,data/TP-Dataset/GroundTruth/Part02/0519.png,0.897191011236,0.999404761905,0.945543569869,9,1,0,0,8,0,8
PSPNet (R50),251,Part02/0328,0251.png,data/TP-Dataset/GroundTruth/Part02/0328.png,0.995793163891,0.620078226858,0.764255946256,23,1,9,0,22,9,31
PSPNet (R50),252,Part07/0767,0252.png,data/TP-Dataset/GroundTruth/Part07/0767.png,0.994750656168,1.000000000000,0.997368421052,1,1,0,0,0,0,0
PSPNet (R50),253,Part02/0269,0253.png,data/TP-Dataset/GroundTruth/Part02/0269.png,0.952594955059,0.591523660946,0.729843484010,41,1,8,0,40,8,48
PSPNet (R50),254,Part09/1231,0254.png,data/TP-Dataset/GroundTruth/Part09/1231.png,0.873994638070,0.556644453156,0.680121590907,15,1,1,0,14,1,15
PSPNet (R50),255,Part08/0962,0255.png,data/TP-Dataset/GroundTruth/Part08/0962.png,0.995089011664,0.679006968641,0.807208644291,4,3,0,0,1,0,1
PSPNet (R50),256,Part08/1165,0256.png,data/TP-Dataset/GroundTruth/Part08/1165.png,0.676626826029,0.744487678340,0.708937011429,7,7,0,0,0,0,0
PSPNet (R50),257,Part01/0020,0257.png,data/TP-Dataset/GroundTruth/Part01/0020.png,0.869300911854,0.949133594187,0.907464850845,10,1,0,0,9,0,9
PSPNet (R50),258,Part03/0635,0258.png,data/TP-Dataset/GroundTruth/Part03/0635.png,0.997450837582,0.881922062701,0.936135558824,1,1,0,0,0,0,0
PSPNet (R50),259,Part02/0315,0259.png,data/TP-Dataset/GroundTruth/Part02/0315.png,0.466341016639,0.998051315362,0.635666077857,5,1,13,0,4,13,17
PSPNet (R50),260,Part02/0452,0260.png,data/TP-Dataset/GroundTruth/Part02/0452.png,0.353273137698,0.814961670632,0.492887327846,47,1,37,0,46,37,83
PSPNet (R50),261,Part06/1295,0261.png,data/TP-Dataset/GroundTruth/Part06/1295.png,0.212957875458,0.905055487053,0.344787817672,87,2,82,0,85,82,167
PSPNet (R50),262,Part06/1296,0262.png,data/TP-Dataset/GroundTruth/Part06/1296.png,0.497617110310,0.683382721678,0.575889895978,48,1,33,0,47,33,80
PSPNet (R50),263,Part06/1392,0263.png,data/TP-Dataset/GroundTruth/Part06/1392.png,0.267966942149,0.382257315374,0.315067679280,97,1,29,0,96,29,125
PSPNet (R50),264,Part06/1480,0264.png,data/TP-Dataset/GroundTruth/Part06/1480.png,0.749009427517,0.997944853571,0.855740887507,33,1,2,0,32,2,34
PSPNet (R50),265,Part06/1531,0265.png,data/TP-Dataset/GroundTruth/Part06/1531.png,0.748747108712,0.610382201940,0.672521599423,62,1,17,0,61,17,78
PSPNet (R50),266,Part06/1530,0266.png,data/TP-Dataset/GroundTruth/Part06/1530.png,0.469692532943,0.732406602954,0.572342001109,96,1,49,0,95,49,144
PSPNet (R50),267,Part06/1644,0267.png,data/TP-Dataset/GroundTruth/Part06/1644.png,0.731486560614,0.998574483250,0.844413920376,41,1,2,1,40,1,41
PSPNet (R50),268,Part06/1666,0268.png,data/TP-Dataset/GroundTruth/Part06/1666.png,0.967683204370,0.985983355234,0.976747570313,5,1,0,0,4,0,4
PSPNet (R50),269,Part06/1669,0269.png,data/TP-Dataset/GroundTruth/Part06/1669.png,0.981915606162,0.999036918138,0.990402272662,1,1,0,0,0,0,0
PSPNet (R50),270,Part06/1661,0270.png,data/TP-Dataset/GroundTruth/Part06/1661.png,0.951174573929,0.939069575957,0.945083315141,1,1,0,0,0,0,0
PSPNet (R50),271,Part06/1626,0271.png,data/TP-Dataset/GroundTruth/Part06/1626.png,0.584179970972,0.854625550661,0.693985562149,7,1,0,0,6,0,6
PSPNet (R50),272,Part06/1670,0272.png,data/TP-Dataset/GroundTruth/Part06/1670.png,0.935416343619,0.836815561960,0.883373051560,41,1,29,0,40,29,69
PSPNet (R50),273,Part06/1622,0273.png,data/TP-Dataset/GroundTruth/Part06/1622.png,0.540591271703,0.911908646003,0.678788134320,8,1,3,0,7,3,10
PSPNet (R50),274,Part06/1627,0274.png,data/TP-Dataset/GroundTruth/Part06/1627.png,0.920473773266,0.999443826474,0.958334701704,4,1,0,0,3,0,3
PSPNet (R50),275,Part06/1663,0275.png,data/TP-Dataset/GroundTruth/Part06/1663.png,0.941239892183,0.989119683482,0.964585993172,1,2,0,0,1,0,1
PSPNet (R50),276,Part06/1624,0276.png,data/TP-Dataset/GroundTruth/Part06/1624.png,0.734399174832,0.918867924528,0.816342193967,12,1,0,0,11,0,11
PSPNet (R50),277,Part02/0038,0277.png,data/TP-Dataset/GroundTruth/Part02/0038.png,0.694567447889,0.827344906473,0.755164170348,51,5,53,0,46,53,99
PSPNet (R50),278,Part05/0731,0278.png,data/TP-Dataset/GroundTruth/Part05/0731.png,0.991234477721,0.814745972739,0.894366601318,4,1,0,0,3,0,3
PSPNet (R50),279,Part07/0823,0279.png,data/TP-Dataset/GroundTruth/Part07/0823.png,1.000000000000,0.836134453782,0.910755148741,2,1,0,0,1,0,1
PSPNet (R50),280,Part08/1017,0280.png,data/TP-Dataset/GroundTruth/Part08/1017.png,0.991031390135,0.277844311377,0.434010098573,2,1,0,0,1,0,1
